Film ,Lead Studio,Rotten Tomatoes,Audience Score,Story,Genre,Number of Theatres in US Opening Weekend,Box Office Average per US Cinema (Opening Weekend),Domestic Gross,Foreign Gross,Worldwide Gross,Budget,Profitability,Opening Weekend,Year
,,,,,,,,,,,,,,
The Son Of No One,Independent,18,61,Discovery,Thriller,,,0.03,,0.03,15.00,0.20%,0.02,2011
Waiting For Forever,Independent,6,53,Love,Romance,3,2972,0.03,,0.03,5.00,0.50%,0.01,2011
All Good Things,Independent,33,64,The Riddle,Drama,2,,0.58,0.06,0.64,20.00,3.20%,0.04,2010
Machine Gun Preacher,Lionsgate,29,71,Transformation,Action,,,0.54,0.57,1.10,30.00,3.68%,0.05,2011
Hesher,Independent,54,68,Wretched Excess,Drama,,,0.38,,0.38,7.00,5.46%,0.13,2011
The Greatest,Independent,52,39,Discovery,Drama,,,0.11,0.30,0.41,6.00,6.83%,0.30,2010
Trespass,Independent,11,24,Escape,Thriller,,,0.02,3.10,3.12,35.00,8.93%,0.02,2011
Vanishing on 7th Street,Independent,52,62,Monster Force,Horror,,,0.02,1.05,1.07,10.00,10.67%,0.00,2011
The Big Year,Independent,38,62,Transformation,Comedy,2150,1513,7.17,0.24,7.41,41.00,18.07%,3.25,2011
Miracle at St. Anna,,34,68,Quest,Action,1185,2935,7.92,1.20,9.11,45.00,20.24%,3.50,2008
Dylan Dog: Dead of Night,Independent,6,28,Monster Force,Horror,,,1.19,3.45,4.63,20.00,23.17%,0.75,2011
Jonah Hex,Warner Bros.,13,24,Revenge,Action,2825,1904,10.55,0.36,10.90,47.00,23.19%,5.40,2010
Street Fighter: The Legend of Chun-Li ,,16,28,Revenge,Action,1136,4156,9.14,3.20,12.34,50.00,25.00%,4.70,2009
Miss Pettigrew Lives for a Day,Independent,78,70,Love,Comedy,535,4655,12.31,2.86,15.17,60.00,25.28%,2.49,2008
Body of Lies,Warner Bros.,53,65,Temptation,Action,2710,4754,39.19,75.70,17.50,67.50,25.93%,12.90,2008
Mars Needs Moms,Disney,36,43,Rescue,Animation,3117,2218,21.39,17.60,38.99,150.00,25.99%,6.91,2011
The Express,Independent,62,73,Maturation,Drama,2808,1625,9.79,0.01,9.81,37.50,26.16%,4.56,2008
Punisher: War Zone,Lionsgate,27,47,Revenge,Action,2508,1703,8.05,0.15,8.19,30.00,27.30%,4.30,2008
The Killer Inside Me,Independent,56,41,The Riddle,Crime,,,0.22,3.36,3.58,13.00,27.54%,11.10,2010
Red State,Independent,57,59,Escape,Horror,,,1.10,,1.10,4.00,27.60%,,2011
Take Me Home Tonight,Relativity,28,46,Discovery,Comedy,2003,1730,6.93,,6.93,25.00,27.71%,3.46,2011
What Happens in Vegas,Fox,28,72,Love,Comedy,3215,6274,80.28,,219.30,150.00,28.93%,20.17,2008
The Beaver,Summit Entertainment,62,57,Transformation,Drama,22,4890,0.97,5.40,6.37,21.00,30.33%,0.11,2011
City of Ember,Independent,52,48,Escape,Adventure,,,7.84,3.94,11.78,38.00,31.00%,3.13,2008
Take Shelter,Independent,92,85,Sacrifice,Drama,,,1.57,,1.57,5.00,31.46%,0.05,2011
The Company Men,Weinstein Company,66,55,Discovery,Drama,106,6111,4.40,0.40,4.80,15.00,32.00%,0.60,2011
Solitary Man,Independent,81,47,Wretched Excess,Comedy,4,23734,4.36,0.70,5.06,15.00,33.73%,0.09,2010
Taking Woodstock ,,48,48,Quest,Comedy,1393,2482,7.50,2.50,9.90,29.00,34.00%,3.50,2009
Whiteout ,,7,28,Pursuit,Action,2745,1791,10.30,1.90,12.20,35.00,35.00%,4.90,2009
College Road Trip,,13,56,Comedy,Adventure,2706,5026,45.61,,51.50,140.00,36.79%,13.60,2008
Nine ,,37,40,Discovery,Drama,1412,3862,19.20,10.30,29.50,80.00,37.00%,5.45,2009
Stone,Independent,49,20,Rivalry,Drama,6,12628,1.81,6.59,8.40,22.00,38.18%,0.08,2010
The Longshots,Independent,39,39,Quest,Comedy,2089,1953,11.51,0.23,11.74,30.00,39.14%,4.00,2008
Imagine That ,,38,44,Comedy,Comedy,3008,1830,16.12,6.86,22.99,55.00,42.00%,5.50,2009
Post Grad ,,7,31,Maturation,Comedy,1959,1354,6.38,0.00,6.38,15.00,43.00%,2.60,2009
Pandorum ,,28,49,Monster Force,Action,2506,1765,10.30,6.70,17.00,40.00,43.00%,4.40,2009
Stop-Loss,Paramount,65,27,Tragedy,Drama,1291,3528,10.92,0.26,11.18,25.00,44.70%,4.56,2008
A Dangerous Method,Independent,79,89,Love,Drama,,,0.54,8.44,8.97,20.00,44.86%,0.17,2011
The Runaways,Independent,68,56,Maturation,Biography,244,3300,3.57,1.11,4.68,10.00,46.80%,0.80,2010
Anonymous,Relativity Media,46,66,Tragedy,Drama,265,3856,4.46,9.73,14.19,30.00,47.30%,1.02,2011
The Rum Diary,Independent,50,48,Discovery,Drama,2273,2259,13.07,8.48,21.55,45.00,47.89%,5.14,2011
Grindhouse,The Weinstein Company,82,86,Pursuit,Action,2624,4419,25.04,0.38,25.42,53.00,47.97%,11.60,2007
Amelia ,,21,35,Quest,Adventure,820,4761,14.20,5.00,19.20,40.00,48.00%,3.90,2009
"Extraordinary Measures	",CBS,27,55,Underdog,Drama,2549,2359,12.07,3.07,15.13,31.00,48.81%,6.00,2010
Away We Go ,,67,74,Discovery,Comedy,4,32603,9.50,0.77,10.20,21.00,49.00%,0.13,2009
Astro Boy ,,49,53,Quest,Animation,3014,2224,19.55,12.04,31.59,65.00,49.00%,6.70,2009
Your Highness,Universal,26,36,Comedy,Comedy,2769,3380,21.60,3.26,24.86,49.90,49.81%,9.36,2011
The Invasion,Warner Bros.,19,43,Monster Force,Horror,2776,2143,15.07,25.10,40.17,80.00,50.21%,5.60,2007
Everything Must Go,Reliance Entertainment,74,53,Discovery,Drama,,,2.71,,2.71,5.00,54.22%,0.79,2011
Conan the Barbarian,Lionsgate,22,34,Quest,Action,3015,3324,21.30,27.50,48.80,90.00,54.22%,10.02,2011
Sex Drive,Summit,46,61,Journey and Return,Adventure,2421,1490,8.40,2.01,10.41,19.00,54.79%,3.61,2008
The Conspirator,Independent,56,65,Underdog,Drama,707,4960,11.54,2.67,14.21,25.00,56.84%,3.51,2011
The Road ,The Weinstein Company,75,65,Quest,Adventure,111,13534,7.90,6.50,14.30,25.00,57.00%,1.50,2009
Repo Men,Universal,22,43,Rescue,Action,2521,2430,13.79,4.62,18.41,32.00,57.53%,6.10,2010
Walk Hard: The Dewey Cox Story,Sony,75,55,Comedy,Comedy,2650,1575,18.32,2.26,20.58,35.00,58.79%,4.80,2007
Arthur Christmas,Aardman Animations,92,82,Journey and Return,Animation,3376,3537,33.70,57.50,91.20,150.00,60.80%,12.07,2011
Bandslam ,,79,60,Maturation,Comedy,2121,1052,5.20,6.90,12.10,20.00,61.00%,2.20,2009
Never Let Me Go,Independent,70,70,Tragedy,Drama,4,,2.43,7.30,9.45,15.00,63.00%,0.11,2010
The Soloist ,,56,59,Quest,Drama,2024,4801,31.70,6.20,37.92,60.00,63.00%,9.70,2009
The Joneses,Independent,61,47,Temptation,Comedy,,,1.48,0.49,6.41,10.00,64.10%,0.51,2010
Drive Angry,Independent,45,38,Rescue,Action,2990,2265,10.72,18.21,28.93,45.00,64.29%,5.19,2011
Across the Universe,Independent,54,84,Love,Romance,954,4009,24.34,5.02,29.37,45.00,65.26%,3.80,2007
Doomsday,Relativity Media,48,47,Quest,Action,1936,2544,11.01,11.20,21.60,33.00,65.45%,4.90,2008
The Love Guru,Paramount,14,38,Comedy,Comedy,3505,15810,32.20,8.63,40.80,62.00,65.81%,13.91,2008
Everybody's Fine ,,46,55,Discovery,Drama,2133,1806,9.20,4.70,13.90,21.00,66.00%,3.90,2009
Shoot 'Em Up,Warner Bros.,67,66,Pursuit,Action,2108,2711,12.81,13.91,26.72,39.00,68.51%,5.70,2007
Cedar Rapids,20th Century Fox,86,61,Maturation,Comedy,,,6.86,,6.86,10.00,68.61%,0.30,2011
Land of the Lost ,,26,38,Journey and Return,Drama,3521,5350,1.50,66.40,68.80,100.00,69.00%,18.80,2009
Mother and Child,Independent,79,61,Transformation,Drama,4,,1.11,3.76,4.87,7.00,69.57%,0.43,2010
Leatherheads,Universal,52,41,Rivalry,Comedy,2769,4580,31.23,9.93,41.00,58.00,70.69%,12.70,2008
Cirque du Freak: The Vampire's Assistant ,,38,50,Discovery,Action,2754,2285,13.90,14.30,28.20,40.00,71.00%,6.30,2009
The Thing,Universal,36,52,Monster Force,Horror,2996,2835,16.93,10.50,27.43,38.00,72.18%,8.49,2011
"Pirate Radio (The Boat that Rocked, UK)",,60,72,Comedy,Comedy,882,3293,33.30,2.20,36.30,50.00,73.00%,2.90,2009
Cadillac Records,,67,64,Rags to Riches,Biography,687,5015,8.14,,8.88,12.00,74.00%,3.40,2008
Doubt,Independent,78,75,The Riddle,Drama,,,18.73,17.46,18.70,25.00,74.80%,5.30,2008
Killer Elite,Independent,25,48,Rivalry,Action,2986,3132,25.12,27.84,52.96,70.00,75.66%,9.35,2011
Dream House,Morgan Creek Productions,7,38,The Riddle,Horror,2661,3055,21.30,17.20,38.50,50.00,77.00%,8.13,2011
Conviction,Independent,68,71,Rescue,Biography,672,2424,6.79,2.92,9.71,12.50,77.68%,1.62,2010
Speed Racer,Warner Bros.,38,61,Quest,Action,3606,5174,43.95,50.00,93.40,120.00,77.83%,18.60,2008
Happy Feet 2,Village Roadshow Pictures,41,59,Journey and Return,Animation,3606,5889,57.31,49.20,106.51,135.00,78.89%,21.24,2011
Scott Pilgrim vs. the World,Universal,81,83,Underdog,Action,2818,3765,31.52,16.05,47.58,60.00,79.30%,10.60,2010
My Soul to Take,Relativity Media,9,29,Monster Force,Horror,2572,4605,14.74,5.09,19.83,25.00,79.32%,6.80,2010
Pride & Glory,Warner Bros.,34,54,Temptation,Crime,2585,2423,15.74,15.41,23.80,30.00,79.33%,6.26,2008
Armored ,,40,34,Temptation,Action,1915,3400,16.00,0.00,16.00,20.00,80.00%,6.50,2009
Happily N'Ever After,Lionsgate,4,43,Maturation,Animation,2381,2775,15.59,22.50,38.08,47.00,81.03%,6.60,2007
Did You Hear About the Morgans? ,,12,31,Comedy,Comedy,2718,2434,6.10,41.30,47.50,58.00,82.00%,6.60,2009
My Week with Marilyn,The Weinstein Company,83,84,Love,Drama,247,7174,5.31,2.95,8.26,10.00,82.58%,1.75,2011
Meet Dave,Fox,19,42,Fish Out Of Water,Adventure,3011,1744,11.80,38.85,50.50,60.00,84.17%,5.25,2008
Where the Wild Things Are ,Warner Bros.,73,59,Journey and Return,Adventure,3735,8754,63.40,16.30,85.30,100.00,85.00%,32.70,2009
The Pirates Who Don't Do Anything,,41,61,Fish Out Of Water,Animation,,,12.73,0.17,12.90,15.00,85.98%,4.25,2008
12 Rounds ,,30,52,Rescue,Action,2331,2286,16.00,1.10,17.10,20.00,86.00%,5.30,2009
I Love You Beth Cooper ,,14,38,Comedy,Comedy,1856,2648,14.80,0.94,15.70,18.00,87.00%,4.90,2009
Bangkok Dangerous,,9,33,Pursuit,Action,2650,2937,15.30,,39.40,45.00,87.56%,7.80,2008
Invictus,Warner Bros.,75,74,Underdog,Biography,2125,4052,38.10,11.60,53.90,60.00,90.00%,8.60,2009
The Ruins,Paramount,46,32,Rescue,Horror,2812,2846,17.43,5.30,22.60,25.00,90.40%,8.00,2008
Rachel Getting Married,Independent,85,61,Love,Drama,,,10.33,0.53,10.86,12.00,90.47%,0.29,2008
Baby Mama,Independent,63,59,Discovery,Comedy,2543,6845,60.32,3.70,63.90,70.00,91.29%,17.41,2008
Igor,Independent,36,42,Temptation,Animation,2339,,19.44,11.22,27.60,30.00,92.00%,7.80,2008
Warrior,Lionsgate,83,93,Rivalry,Action,1869,2805,13.66,9.40,23.06,25.00,92.23%,5.24,2011
Fired Up! ,,22,52,Comedy,Comedy,1810,3030,17.20,1.40,18.60,20.00,93.00%,5.50,2009
The Wolfman,Universal,33,38,Monster Force,Drama,3222,9770,61.98,77.81,139.79,150.00,93.19%,31.50,2010
MacGruber,Independent,47,33,Comedy,Action,2551,1585,8.53,0.80,9.32,10.00,93.20%,4.00,2010
Green Zone,Universal,53,60,Quest,Action,3003,4765,35.05,59.82,94.88,100.00,94.88%,14.30,2010
Dragon Wars (aka D-War),Mediaplex,27,44,Monster Force,Action,2277,2213,10.98,63.27,74.25,75.00,99.00%,5.00,2007
Evan Almighty,Universal,23,56,Comedy,Comedy,3604,8654,100.46,72.93,173.39,175.00,99.08%,31.20,2007
The Dilemma,Spyglass Entertainment,23,31,Comedy,Comedy,2940,6060,48.50,21.20,69.70,70.00,99.57%,17.80,2011
The Brave One,,43,65,Rivalry,Action,2755,4889,36.79,32.99,69.79,70.00,99.70%,13.50,2007
Ninja Assassin ,,25,57,Revenge,Action,2503,5320,27.70,21.60,49.80,50.00,100.00%,13.30,2009
Year One ,,14,31,Quest,Adventure,3022,6489,32.40,26.20,60.20,60.00,100.00%,19.60,2009
J.Edgar,Warner Bros,42,84,Wretched Excess,Drama,1910,5873,35.06,,35.06,35.00,100.16%,11.22,2011
Edge of Darkness,Warner Bros.,55,56,Revenge,Crime,3066,5615,43.31,37.81,81.12,80.00,101.40%,17.20,2010
From Paris with Love,Independent,38,57,Pursuit,Action,2722,2997,24.08,28.72,52.80,52.00,101.54%,8.20,2010
Burlesque,Paramount,36,66,Rags to Riches,Drama,3037,3934,38.24,17.84,56.08,55.00,101.96%,11.95,2010
Funny People ,,68,58,Transformation,Comedy,,,22.50,47.30,71.50,70.00,102.00%,22.70,2009
"Furry Vengeance	",Summit,8,36,Comedy,Comedy,2997,2211,17.63,18.34,35.97,35.00,102.77%,6.60,2010
"Faster	",CBS,41,50,Revenge,Action,2454,3873,22.94,1.97,24.91,24.00,103.79%,8.52,2010
Inkheart ,Warner Bros.,39,51,Quest,Adventure,2655,2862,43.30,16.90,62.50,60.00,104.00%,7.60,2009
"Charlie St. Cloud	",Universal,27,62,Discovery,Fantasy,2718,4555,31.16,14.93,46.09,44.00,104.75%,12.40,2010
The Box ,,46,27,Temptation,Drama,2635,2873,15.10,11.30,26.34,25.00,105.00%,7.60,2009
Next,Paramount,29,59,Pursuit,Thriller,2725,2617,18.21,55.33,73.54,70.00,105.06%,7.10,2007
My Life in Ruins ,,9,43,Comedy,Comedy,1164,2769,8.67,9.34,18.01,17.00,106.00%,3.20,2009
Jack and Jill,Happy Madison,4,59,Comedy,Comedy,3438,7273,68.91,15.00,83.91,79.00,106.22%,25.00,2011
Bedtime Stories,Disney,25,63,Rivalry,Comedy,3681,7457,85.35,102.77,85.40,80.00,106.75%,27.50,2008
Whip It ,,84,73,Maturation,Drama,1721,2702,13.00,3.00,16.00,15.00,107.00%,4.70,2009
Fantastic Mr. Fox ,Fox,93,80,Rivalry,Animation,2033,3426,20.50,21.80,42.78,40.00,107.00%,7.00,2009
Cowboys and Aliens,Universal,44,50,Monster Force,Action,3750,9715,100.24,74.58,174.82,163.00,107.25%,36.43,2011
88 Minutes,,5,51,The Riddle,Drama,2168,3209,16.93,,32.30,30.00,107.67%,7.00,2008
Sorority Row ,,22,38,Pursuit,Horror,2665,1899,11.97,1.60,13.56,12.50,108.00%,5.10,2009
The Kingdom,,52,78,Quest,Action,2793,6135,47.54,39.07,86.61,80.00,108.26%,17.10,2007
Case 39,Independent,23,42,Monster Force,Horror,2211,2420,13.26,14.93,28.19,26.00,108.42%,5.40,2010
The Eagle,Universal,39,43,Quest,Action,2296,3782,19.49,7.63,27.12,25.00,108.48%,8.68,2011
Youth in Revolt,The Weinstein Company,68,52,Love,Comedy,1873,3678,15.28,4.34,19.62,18.00,109.00%,6.90,2010
Superhero Movie,The Weinstein Company,15,36,Comedy,Comedy,2960,3212,25.87,45.35,71.10,65.00,109.38%,9.51,2008
Sucker Punch,Legendary Pictures,23,48,Quest,Action,3033,6284,36.39,53.40,89.79,82.00,109.50%,19.06,2011
Green Lantern,Warner Bros,27,48,Metamorphosis,Action,3816,13935,116.60,103.25,219.85,200.00,109.93%,53.17,2011
Winnie The Pooh,Disney,91,79,Quest,Animation,2405,3267,26.69,6.46,33.15,30.00,110.51%,7.86,2011
Death Race,Universal,42,69,Escape,Action,2532,4985,36.10,75.67,73.80,65.00,113.54%,12.62,2008
Seven Pounds,,27,77,Sacrifice,Drama,2758,5385,60.04,,61.40,54.00,113.70%,14.90,2008
Arthur,Warner Bros,26,49,Sacrifice,Comedy,3276,3731,33.04,12.70,45.74,40.00,114.34%,12.22,2011
Traitor,Liberty Starz,55,66,Pursuit,Thriller,2054,3831,23.53,4.13,25.30,22.00,115.00%,7.90,2008
Push ,,22,47,Quest,Action,2313,4358,31.70,12.60,44.40,38.00,117.00%,10.10,2009
The Losers,Warner Bros.,47,55,Revenge,Action,2936,3204,23.59,5.79,29.38,25.00,117.52%,9.40,2010
Jennifer's Body ,,42,37,Monster Force,Comedy,2702,2542,16.20,2.60,18.80,16.00,118.00%,6.90,2009
Pathfinder: Legend of the Ghost Warrior,,11,41,Rescue,Action,1720,2907,10.23,20.59,30.82,26.00,118.55%,5.00,2007
Mad Money,Independent,22,51,Comedy,Comedy,2470,3132,20.67,5.74,26.10,22.00,118.64%,7.74,2008
Ghost Town,Paramount,85,60,Transformation,Comedy,1505,3330,13.25,13.71,24.00,20.00,120.00%,5.01,2008
The International ,,58,39,The Riddle,Action,2364,3947,25.50,34.70,60.20,50.00,120.00%,9.30,2009
The Hurt Locker ,Independent,97,83,Quest,Drama,4,36338,14.70,3.40,18.10,15.00,121.00%,0.14,2009
You Will Meet a Tall Dark Stranger,Independent,43,35,Love,Comedy,402,,3.24,23.42,26.66,22.00,121.18%,0.16,2010
Changeling,Independent,62,84,Quest,Drama,,,35.69,77.28,66.90,55.00,121.64%,9.40,2008
The Descendants,20th Century Fox,89,88,Discovery,Drama,29,41038,24.54,,24.54,20.00,122.71%,4.38,2011
Righteous Kill,,19,44,The Riddle,Crime,3152,5168,40.08,,74.00,60.00,123.33%,16.30,2008
Fright Night,DreamWorks,75,68,Rivalry,Horror,3114,2477,18.30,18.80,37.10,30.00,123.67%,7.71,2011
Surrogates ,,39,42,Pursuit,Action,2951,5050,73.30,24.00,99.40,80.00,124.00%,14.90,2009
Drillbit Taylor,Paramount,26,49,Comedy,Comedy,3056,3373,32.86,16.82,49.70,40.00,124.25%,10.30,2008
Killers,Lionsgate,11,45,Love,Action,2859,5539,47.06,46.34,93.40,75.00,124.53%,15.80,2010
Dinner for Schmucks,Paramount,43,47,Comedy,Comedy,2911,8082,73.03,13.38,86.41,69.00,125.23%,23.50,2010
Don't Be Afraid Of The Dark,Miramax Films,59,37,Monster Force,Horror,2760,3089,24.05,7.50,31.55,25.00,126.18%,8.53,2011
Dance Flick ,,17,35,Comedy,Action,2450,4344,25.66,6.43,32.09,25.00,128.00%,10.60,2009
The Mechanic,Independent,53,52,Revenge,Action,2703,4226,29.20,22.00,51.20,40.00,128.00%,11.40,2011
The Pink Panther 2 ,,12,47,Comedy,Adventure,3243,3573,41.60,34.20,75.90,59.00,129.00%,11.60,2009
Appaloosa,,77,55,Rescue,Action,,,20.07,,25.90,20.00,129.50%,5.00,2008
Duplicity ,,64,38,Rivalry,Romance,2574,5425,55.40,21.40,78.10,60.00,130.00%,14.00,2009
Fly Me to the Moon,Independent,18,26,Journey and Return,Animation,,,12.42,27.90,32.60,25.00,130.40%,1.90,2008
Zodiac,Paramount,89,73,Pursuit,Thriller,2362,5671,33.08,51.71,84.79,65.00,130.44%,13.40,2007
Priest,Sony,17,37,Monster Force,Action,2864,2221,29.14,49.17,78.31,60.00,130.51%,14.95,2011
Beowulf,Paramount,71,52,Journey and Return,Action,3153,8726,82.20,114.07,196.26,150.00,130.84%,27.50,2007
City Island,Independent,81,77,Transformation,Comedy,2,,6.67,1.19,7.86,6.00,131.00%,0.03,2010
Going the Distance,Warner Bros.,53,56,Love,Comedy,3030,2272,17.80,24.25,42.05,32.00,131.41%,6.90,2010
Aliens in the Attic ,,30,46,Monster Force,Adventure,3106,2578,25.20,24.35,59.55,45.00,132.00%,8.00,2009
Cats & Dogs: The Revenge of Kitty Galore,Independent,13,43,Pursuit,Action,3705,3314,43.59,68.90,112.48,85.00,132.33%,12.30,2010
The Ghost Writer,Independent,83,68,The Riddle,Mystery,4,,15.54,44.48,60.02,45.00,133.38%,2.00,2010
I Love You Phillip Morris,Independent,71,57,Love,Comedy,100,,1.44,18.66,20.10,15.00,134.00%,0.11,2010
Watchmen ,Warner Bros.,64,68,Sacrifice,Action,3611,15291,107.50,77.70,185.30,138.00,134.00%,55.20,2009
The Taking of Pelham 1 2 3 ,Sony,51,60,Rescue,Action,3074,7603,65.50,84.60,150.00,110.00,136.00%,4.70,2009
The Change Up,Relativity Media,24,53,Metamorphosis,Comedy,2913,4645,37.08,33.75,70.83,52.00,136.22%,13.53,2011
Tangled,Disney,89,88,Love,Animation,3603,13535,175.78,179.30,355.08,260.00,136.57%,48.77,2010
Country Strong,Sony,20,56,Rags to Riches,Drama,1424,5145,20.21,0.31,20.52,15.00,136.80%,7.33,2010
Observe and Report ,,51,40,Comedy,Comedy,2727,4040,24.00,0.87,24.90,18.00,138.00%,11.00,2009
Penelope,Summit,52,74,Love,Comedy,,,10.01,10.73,20.75,15.00,138.33%,3.80,2008
The Next Three Days,Lionsgate,51,66,Rescue,Crime,2564,2552,21.15,20.60,41.75,30.00,139.17%,6.54,2010
3:10 to Yuma,Lionsgate,88,85,Sacrifice,Drama,2652,5292,53.61,16.17,69.78,50.00,139.56%,14.00,2007
Cyrus,Independent,80,51,Rivalry,Comedy,4,45429,7.47,2.45,9.92,7.00,141.71%,0.18,2010
Please Give,Sony,88,62,Comedy,Comedy,,,4.03,0.23,4.26,3.00,142.00%,0.10,2010
The Lovely Bones ,Paramount,32,57,Tragedy,Drama,2563,6635,44.00,48.30,92.30,65.00,142.00%,17.00,2009
The Sorcerer's Apprentice,Disney,42,57,Pursuit,Action,3504,5028,63.15,152.13,215.28,150.00,143.52%,17.60,2010
Extract ,,62,37,Comedy,Comedy,1611,2694,8.80,2.00,10.80,7.50,144.00%,4.30,2009
30 Minutes or Less,Independent,43,48,Comedy,Comedy,2888,4616,37.05,3.49,40.55,28.00,144.81%,13.33,2011
Unstoppable,Fox,86,73,Rescue,Action,3207,7075,80.02,66.00,146.02,100.00,146.02%,22.69,2010
"Be Kind, Rewind",,65,57,Comedy,Comedy,808,5013,11.18,,29.30,20.00,146.50%,4.05,2008
Morning Glory,Independent,54,54,Comedy,Comedy,2518,3655,31.01,27.78,58.78,40.00,146.95%,9.20,2010
Planet 51 ,Independent,22,45,Comedy,Animation,3035,4048,51.90,19.60,73.40,50.00,147.00%,12.30,2009
State of Play ,,84,71,The Riddle,Crime,2803,5020,37.02,51.32,88.30,60.00,147.00%,14.10,2009
Alpha and Omega,Crest,17,41,Journey and Return,Animation,2625,3469,25.12,4.80,29.91,20.00,149.55%,9.10,2010
Untraceable,Independent,14,56,The Riddle,Thriller,2368,4795,28.69,23.97,52.50,35.00,150.00%,11.40,2008
Brothers ,,61,62,Transformation,Drama,2088,4563,28.50,11.00,39.50,26.00,152.00%,9.50,2009
What's Your Number,20th Century Fox,24,50,Transformation,Comedy,3002,1806,14.01,16.42,30.43,20.00,152.13%,5.42,2011
Colombiana,Sony,28,55,Revenge,Action,2614,3982,36.67,24.30,60.97,40.00,152.41%,10.41,2011
Zack and Miri Make a Porno,The Weinstein Company,64,70,Love,Romance,3735,3680,31.30,,36.60,24.00,152.50%,10.07,2008
Fool's Gold,Warner Bros.,11,53,Quest,Adventure,3125,6909,70.23,,110.60,72.50,152.55%,21.60,2008
Nancy Drew,Independent,49,61,The Riddle,Thriller,2612,2615,25.61,5.05,30.67,20.00,153.33%,6.90,2007
Shark Night 3D,Relativity,16,25,Escape,Horror,2806,2995,18.88,19.83,38.70,25.00,154.81%,8.40,2011
Confessions of a Shopaholic ,,24,53,Comedy,Comedy,2507,6010,44.27,63.57,108.30,70.00,155.00%,15.00,2009
The Stepfather,,12,48,Rescue,Mystery,2734,4236,29.10,2.13,31.20,20.00,156.00%,11.60,2009
Shooter,Paramount,47,82,Pursuit,Action,2806,5175,47.00,48.69,95.70,61.00,156.88%,14.50,2007
Babylon A.D.,,7,32,Quest,Action,3390,2798,22.53,,70.60,45.00,156.89%,9.50,2008
The Reaping,,9,53,Quest,Horror,2603,3851,25.13,37.64,62.77,40.00,156.93%,10.00,2007
Gran Torino,Independent,80,90,Temptation,Drama,,,148.10,114.25,262.34,167.00,157.09%,29.48,2008
"Welcome Home, Roscoe Jenkins",Universal,24,64,Discovery,Comedy,2387,6790,42.19,,43.40,27.50,157.82%,16.21,2008
Charlie Wilson's War,Universal,82,73,Discovery,Biography,2575,3750,66.66,51.81,118.48,75.00,157.97%,9.60,2007
A Perfect Getaway ,,61,50,Escape,Mystery,2159,2755,15.50,6.70,22.20,14.00,159.00%,5.90,2009
You Again,Independent,18,45,Comedy,Comedy,2548,3300,25.70,6.16,31.86,20.00,159.30%,8.40,2010
9,,57,58,Sacrifice,Animation,1661,10398,29.60,18.00,48.00,30.00,160.00%,10.70,2009
Robin Hood,Universal,42,59,Rivalry,Action,3503,10295,105.27,216.40,321.67,200.00,160.84%,36.00,2010
The Muppets,Disney,97,87,Quest,Comedy,3440,8500,66.63,5.80,72.43,45.00,160.95%,29.24,2011
The Informant! ,,78,42,Comedy,Comedy,2505,4177,13.70,20.80,35.50,22.00,161.00%,10.50,2009
The Tale of Despereaux,Universal,54,46,Rescue,Animation,3104,3255,50.87,37.84,88.72,55.00,161.31%,10.10,2008
Tower Heist,Relativity,68,61,Revenge,Comedy,3367,7135,74.50,47.00,121.50,75.00,162.01%,24.03,2011
The Sisterhood of the Traveling Pants 2,,63,68,Journey and Return,Drama,2707,3945,44.09,,44.20,27.00,163.70%,10.68,2008
Old Dogs ,,5,49,Comedy,Comedy,3425,4933,9.40,48.10,57.60,35.00,165.00%,16.90,2009
Australia,Fox,55,69,Fish Out Of Water,Adventure,2642,5602,46.69,161.80,129.40,78.00,165.90%,14.80,2008
Smart People,Independent,50,41,Transformation,Comedy,1106,3700,9.51,2.14,11.65,7.00,166.45%,4.09,2008
Marmaduke,Fox,9,46,Rivalry,Comedy,3213,3610,33.64,49.71,83.36,50.00,166.72%,11.60,2010
Swing Vote,Disney,36,44,Maturation,Comedy,2213,2815,16.29,1.34,33.40,20.00,167.00%,6.23,2008
Prince of Persia: The Sands of Time,Disney,36,71,Rivalry,Action,3646,3646,90.76,244.39,335.15,200.00,167.58%,30.00,2010
Adventureland ,,89,56,Maturation,Comedy,1862,3073,16.04,0.01,16.05,9.50,169.00%,5.70,2009
Meet the Robinsons,Disney,66,75,Quest,Animation,3413,7361,97.82,71.51,169.33,100.00,169.33%,25.10,2007
Beastly,CBS Films,19,50,Metamorphosis,Romance,1952,5047,27.87,0.97,28.83,17.00,169.61%,9.85,2011
The Tree Of Life,Independent,84,61,Discovery,Drama,4,93230,13.30,41.00,54.30,32.00,169.70%,0.37,2011
A Christmas Carol,Disney,52,72,Transformation,Animation,3683,8159,137.90,185.70,323.60,190.00,170.00%,30.10,2009
The Other Guys,Sony,78,57,Comedy,Action,3651,9735,119.22,51.05,170.27,100.00,170.27%,35.50,2010
Tron: Legacy,Independent,50,67,Fish Out Of Water,Action,3451,12578,148.21,143.20,291.41,170.00,171.42%,44.03,2010
Leap Year,Universal,21,49,Love,Comedy,2511,3665,25.90,6.69,32.61,19.00,171.63%,9.20,2010
Something Borrowed,Independent,14,49,Love,Romance,2904,4802,39.05,21.14,60.18,35.00,171.95%,13.95,2011
Space Chimps,Independent*,36,37,Transformation,Animation,2511,2860,30.11,34.73,63.80,37.00,172.43%,7.18,2008
Disaster Movie,Lionsgate,2,28,Rescue,Comedy,2642,2209,14.19,20.62,34.50,20.00,172.50%,5.80,2008
The Invention of Lying ,,56,47,Love,Comedy,1707,4117,23.10,8.50,32.00,18.50,173.00%,7.00,2009
G.I. Joe: The Rise of Cobra ,Paramount,33,62,Pursuit,Action,4007,13654,150.20,151.90,302.10,175.00,173.00%,54.70,2009
Larry Crowne,Universal,34,46,Discovery,Drama,2973,4405,35.61,16.80,52.41,30.00,174.69%,13.10,2011
Legend of the Guardians: The Owls of Ga'Hoole,Warner Bros.,51,65,Rivalry,Animation,3575,4507,55.64,84.26,139.90,80.00,174.88%,16.10,2010
Surf's Up,Sony,78,64,Discovery,Animation,3528,5000,58.87,90.18,149.04,85.00,175.35%,17.60,2007
In the Land of Women,Warner Bros.,43,72,Transformation,Comedy,2155,2186,11.05,6.51,17.56,10.00,175.62%,4.70,2007
The Spiderwick Chronicles,Paramount,79,67,Fish Out Of Water,Fantasy,3847,4940,71.20,91.64,162.80,92.50,176.00%,19.00,2008
The Three Musketeers,Independent,24,48,Rivalry,Action,3017,2875,20.25,111.90,132.15,75.00,176.20%,8.67,2011
Kit Kittredge: An American Girl,Warner Bros.,78,26,The Riddle,Drama,,,17.66,N/A,17.70,10.00,177.00%,3.30,2008
The A-Team,Fox,47,71,Pursuit,Action,3535,7262,77.22,99.81,177.03,100.00,177.03%,25.70,2010
Hot Tub Time Machine,MGM,64,57,Journey and Return,Adventure,2754,5091,50.29,14.13,64.42,36.00,178.94%,14.00,2010
A Very Harold and Kumar Christmas,Lionsgate,72,71,Comedy,Comedy,2875,4506,34.04,??,34.04,19.00,179.18%,12.95,2011
For Colored Girls,Independent,33,73,Discovery,Drama,2127,9167,37.69,17.32,37.70,21.00,179.52%,19.50,2010
Just Wright,Fox,45,58,Love,Comedy,1831,4525,21.54,0.03,21.57,12.00,179.75%,8.30,2010
Lions for Lambs,,27,48,Quest,Drama,2215,3025,15.00,48.21,63.21,35.00,180.60%,6.70,2007
My Best Friend's Girl,Lionsgate,14,51,Comedy,Comedy,2604,3174,19.22,22.40,36.20,20.00,181.00%,8.27,2008
Rango,Paramount,88,69,Fish Out Of Water,Animation,3917,9722,123.26,121.90,245.15,135.00,181.60%,38.08,2011
Love & Other Drugs,Fox,48,55,Love,Comedy,2455,3967,31.68,22.85,54.53,30.00,181.77%,9.74,2010
Love Happens ,,18,40,Love,Drama,1898,4245,22.90,11.20,33.10,18.00,184.00%,8.10,2009
Rush Hour 3,Warner Bros.,20,68,Rescue,Action,3778,12996,140.13,117.90,258.02,140.00,184.30%,49.10,2007
Cop Out,Warner Bros.,19,45,The Riddle,Action,3150,5781,44.88,10.64,55.52,30.00,185.07%,18.21,2010
Vacancy,Sony,55,46,Pursuit,Comedy,2551,2980,19.36,15.94,35.30,19.00,185.79%,7.60,2007
Terminator Salvation ,Independent,33,64,Monster Force,Action,3530,12056,125.30,246.70,372.00,200.00,186.00%,42.60,2009
Wall Street: Money Never Sleeps,Independent,54,43,Rivalry,Drama,3565,5333,52.47,78.16,130.63,70.00,186.61%,19.00,2010
Four Christmases,Warner Bros.,26,52,Love,Comedy,,,118.25,43.58,149.60,80.00,187.00%,31.07,2008
The Lincoln Lawyer,Lionsgate,84,82,Fish Out Of Water,Drama,2707,4879,58.01,17.00,75.01,40.00,187.52%,13.21,2011
The Green Hornet,Columbia,44,47,Rivalry,Action,3584,9335,98.80,129.00,227.80,120.00,189.83%,33.50,2011
The Incredible Hulk,Universal,67,75,Metamorphosis,Action,3505,15810,134.53,128.62,262.50,137.50,190.91%,55.14,2008
Bee Movie,Paramount,52,57,Journey and Return,Animation,3928,9679,126.63,160.49,287.12,150.00,191.42%,38.00,2007
The Book of Eli        ,Independent,48,68,Quest,Action,3111,10540,94.84,58.62,153.45,80.00,191.81%,32.70,2010
Hellboy II: The Golden Army,Universal,87,70,Sacrifice,Action,3204,10780,75.79,84.40,158.90,82.50,192.61%,34.50,2008
Bolt,Disney,89,76,Rescue,Animation,3651,7182,109.90,195.93,289.30,150.00,192.87%,26.20,2008
Whatever Works ,,50,63,Discovery,Comedy,9,29574,5.30,23.70,29.00,15.00,193.00%,0.26,2009
The Other Boleyn Girl,Independent,41,65,Tragedy,Drama,1166,7035,26.81,50.90,77.20,40.00,193.00%,8.20,2008
Law Abiding Citizen ,,25,77,Revenge,Crime,2890,7280,73.40,29.10,102.50,53.00,193.00%,21.00,2009
Stardust,Paramount,76,86,Quest,Adventure,2540,3610,38.63,96.92,135.56,70.00,193.66%,9.16,2007
Dragonball Evolution ,,15,28,Quest,Action,2181,2181,9.36,48.87,58.23,30.00,194.00%,4.80,2009
The X-Files: I Want to Believe,Fox,32,34,Monster Force,Thriller,3185,3147,20.98,47.39,68.30,35.00,195.14%,10.10,2008
Step Brothers,Sony,54,68,Comedy,Comedy,3094,10000,100.47,27.64,128.00,65.00,196.92%,30.94,2008
License to Wed,Warner Bros.,8,55,Love,Comedy,2604,4002,43.80,25.51,69.31,35.00,198.02%,10.40,2007
Never Back Down,,23,37,Rivalry,Action,2729,3152,24.85,16.78,41.60,21.00,198.10%,8.60,2008
Monte Carlo,20th Century Fox,38,50,Love,Romance,2473,3014,23.18,16.48,39.66,20.00,198.32%,7.45,2011
The Darjeeling Limited,Fox,67,79,Journey and Return,Drama,698,2523,11.90,23.02,34.92,17.50,199.53%,1.80,2007
The Men Who Stare at Goats ,Independent,52,43,Comedy,Comedy,2443,5201,32.40,15.80,48.20,24.00,201.00%,12.70,2009
The Curious Case of Benjamin Button,Warner Bros.,73,81,Love,Drama,2988,8987,79.01,206.42,322.00,160.00,201.25%,26.85,2008
Transporter 3,Independent,36,58,Escape,Action,2626,4594,31.72,77.26,60.90,30.00,203.00%,12.06,2008
Coraline ,Universal,89,77,Journey and Return,Animation,2299,7329,75.30,46.60,121.90,60.00,203.00%,16.80,2009
Marley and Me,Fox,63,77,Love,Comedy,3480,10448,106.51,99.56,111.80,55.00,203.27%,36.36,2008
Ghosts of Girlfriends Past ,,27,47,Love,Comedy,3175,4854,51.50,48.40,101.90,50.00,204.00%,15.40,2009
The Time Traveler's Wife ,Paramount,38,65,Love,Drama,2988,6233,40.60,37.60,79.70,39.00,204.00%,18.60,2009
Moneyball,Columbia,95,89,Underdog,Drama,2993,6516,74.21,27.90,102.11,50.00,204.22%,19.50,2011
The Golden Compass,Warner Bros.,42,55,Rescue,Action,3528,7308,70.11,302.13,372.23,180.00,206.80%,25.70,2007
Ghost Rider,Sony,28,56,Monster Force,Action,3619,12541,115.80,112.94,228.74,110.00,207.94%,45.30,2007
Tropic Thunder,Paramount,83,69,Fish Out Of Water,Comedy,3319,7777,110.46,77.58,188.00,90.00,208.89%,25.81,2008
Over Her Dead Body,,15,47,Love,Comedy,,,0.00,,20.90,10.00,209.00%,4.03,2008
Public Enemies ,,67,65,Underdog,Biography,3334,7580,97.10,117.00,214.10,102.50,209.00%,25.20,2009
Mirrors,Independent,14,49,Monster Force,Horror,2664,4190,30.69,46.80,73.40,35.00,209.71%,11.20,2008
The Chronicles of Narnia: Prince Caspian,Disney,66,78,Fish Out Of Water,Action,3929,14007,141.62,278.04,419.60,200.00,209.80%,55.03,2008
Tyler Perry's Meet the Browns,Independent,31,36,Discovery,Drama,2006,10011,41.98,0.00,41.98,20.00,209.90%,20.08,2008
Race to Witch Mountain ,,42,50,Quest,Action,3187,7651,67.17,37.93,105.10,50.00,210.00%,24.40,2009
Machete,Independent,73,66,Revenge,Action,2670,4276,26.59,15.55,42.15,20.00,210.75%,11.00,2010
Gulliver's Travels,Fox,21,31,Journey and Return,Comedy,2546,2477,42.00,194.00,237.38,112.00,211.95%,6.30,2010
Red Riding Hood,Warner Bros,11,41,Monster Force,Horror,3030,4622,37.66,51.50,89.16,42.00,212.29%,14.01,2011
Hanna,Universal,71,67,Quest,Action,2535,4880,40.26,23.52,63.78,30.00,212.60%,12.37,2011
The Last Airbender,Paramount,6,42,Quest,Action,3169,12725,131.77,187.35,319.12,150.00,212.75%,40.30,2010
Zookeeper,Happy Madison Productions,14,42,Comedy,Comedy,3482,5763,80.36,89.94,170.30,80.00,212.88%,20.07,2011
The Heartbreak Kid,Paramount,30,41,Love,Comedy,3229,4342,36.79,90.98,127.77,60.00,212.94%,14.00,2007
Takers,Sony,27,57,Rivalry,Action,2206,9298,57.74,10.42,68.16,32.00,213.00%,20.50,2010
Notorious,Fox,50,66,Tragedy,Biography,1638,12514,20.40,19.00,40.50,19.00,213.00%,20.50,2009
Cloudy with a Chance of Meatballs ,Sony,86,70,Comedy,Animation,3119,9716,124.90,87.80,212.70,100.00,213.00%,30.30,2009
In Bruges,Independent,81,85,Fish Out Of Water,Crime,,,7.80,25.59,32.00,15.00,213.33%,0.46,2008
Brooklyn's Finest,Independent,42,47,Temptation,Action,1936,6896,27.20,9.15,36.31,17.00,213.59%,13.40,2010
Not Easily Broken ,,34,66,Love,Drama,724,7340,10.60,0.14,10.70,5.00,214.00%,5.30,2009
Monsters Vs. Aliens ,Paramount,72,65,Monster Force,Animation,4104,14454,198.40,183.20,381.50,175.00,218.00%,59.30,2009
Puss In Boots,DreamWorks,83,76,Quest,Animation,3952,8623,142.09,142.30,284.39,130.00,218.76%,34.08,2011
I Now Pronounce You Chuck and Larry,Universal,13,73,Comedy,Comedy,3495,9795,120.06,65.99,186.05,85.00,218.89%,34.20,2007
Lakeview Terrace,Sony,46,44,Rivalry,Crime,2464,6090,39.26,5.39,43.80,20.00,219.00%,15.00,2008
Eagle Eye,Paramount,27,72,Pursuit,Action,3510,8305,101.18,76.62,175.90,80.00,219.88%,29.20,2008
The Back-up Plan,CBS,20,47,Love,Comedy,3280,3720,37.49,39.60,77.10,35.00,220.29%,12.20,2010
Expelled: No Intelligence Allowed,,10,42,Comedy,Documentary,1052,2824,7.72,0.00,7.72,3.50,220.57%,2.97,2008
X-Men: First Class,Disney,87,88,Monster Force,Action,3641,15134,146.41,207.22,353.62,160.00,221.01%,55.10,2011
Fantastic Four: Rise of the Silver Surfer,Fox,35,55,Monster Force,Action,3959,14663,131.92,157.13,289.05,130.00,222.34%,58.00,2007
One Missed Call,,0,36,Monster Force,Horror,2240,5585,26.89,,44.50,20.00,222.50%,12.50,2008
Knight and Day,Fox,53,52,Pursuit,Action,3098,6501,76.42,185.26,261.68,117.00,223.66%,20.20,2010
The Mummy: Tomb of the Dragon Emperor,,14,40,Quest,Action,3760,10760,102.28,,393.20,175.00,224.69%,40.50,2008
Contagion,Warner Bros,84,63,The Riddle,Thriller,3222,6935,75.64,59.80,135.44,60.00,225.74%,22.40,2011
Yes Man,Warner Bros.,43,72,Transformation,Comedy,3434,5318,79.41,,113.40,50.00,226.80%,18.26,2008
The Debt,Universal,76,70,Pursuit,Thriller,1826,5427,31.18,14.25,45.43,20.00,227.15%,9.91,2011
Get Him to the Greek,Universal,73,63,Comedy,Comedy,2697,6515,60.97,30.42,91.39,40.00,228.48%,17.60,2010
Season Of The Witch,Relativity ,10,32,Monster Force,Action,2816,3769,24.80,66.80,91.60,40.00,229.00%,12.00,2011
The American,Universal,66,37,Rivalry,Crime,2823,4668,35.61,10.39,46.00,20.00,230.00%,13.10,2010
The Day the Earth Stood Still ,Fox,19,34,Sacrifice,Thriller,3560,8562,74.30,153.73,230.00,100.00,230.00%,30.50,2008
Hall Pass,Warner Bros,35,44,Temptation,Comedy,2950,4588,45.06,38.10,83.16,36.00,231.00%,13.54,2011
Little Fockers,Independent,9,40,Comedy,Comedy,3536,8720,123.69,109.01,232.70,100.00,232.70%,30.83,2010
Death at a Funeral,Independent,40,48,Comedy,Comedy,2459,6595,42.74,6.31,49.05,21.00,233.57%,16.20,2010
Tooth Fairy,Fox,16,46,Comedy,Comedy,3344,4190,60.02,52.34,112.36,48.00,234.08%,14.00,2010
The Forbidden Kingdom,Relativity Media,64,65,Journey and Return,Action,3151,6791,52.08,75.90,128.80,55.00,234.18%,21.40,2008
Abduction,Vertigo Entertainment,4,46,Maturation,Action,3118,3504,28.07,54.00,82.07,35.00,234.48%,10.93,2011
30 Days of Night,Independent,50,57,Monster Force,Horror,2855,5587,39.57,35.53,75.10,32.00,234.67%,15.60,2007
The Nanny Diaries,The Weinstein Company,33,52,Discovery,Comedy,2629,2845,25.93,21.07,47.00,20.00,235.00%,7.50,2007
The Princess and the Frog ,,84,72,Metamorphosis,Animation,3434,7050,104.30,143.00,247.30,105.00,236.00%,24.20,2009
Good Luck Chuck,,3,61,Love,Comedy,2612,5226,35.02,24.17,59.19,25.00,236.77%,13.70,2007
Dolphin Tale,Independent,84,81,Quest,Drama,3507,5461,71.08,16.86,87.95,37.00,237.69%,19.15,2011
Role Models,Universal,77,75,Discovery,Comedy,2792,6865,66.69,25.09,66.70,28.00,238.21%,19.17,2008
Rambo,Lionsgate,36,70,Rescue,Action,2751,6617,42.75,,113.20,47.50,238.32%,18.20,2008
Percy Jackson & the Olympians: The Lightning Thief,Fox,50,57,Rivalry,Action,3356,9308,88.77,137.73,226.50,95.00,238.42%,31.20,2010
Blades of Glory,Paramount,69,66,Rivalry,Comedy,3372,9790,118.59,27.11,145.71,61.00,238.87%,33.00,2007
Max Payne,Fox,16,36,Revenge,Action,3376,5225,40.66,44.73,84.20,35.00,240.57%,17.60,2008
Mr. Brooks,MGM,56,75,Temptation,Thriller,2453,4083,28.55,19.57,48.12,20.00,240.61%,10.00,2007
I Am Number Four,Paramount,32,57,Maturation,Thriller,3154,6167,55.10,89.40,144.50,60.00,240.83%,19.45,2011
Scream 4,Weinstein Company,58,57,Monster Force,Horror,3305,5656,38.18,58.96,97.14,40.00,242.84%,18.69,2011
Immortals,Relativity Media,36,59,Revenge,Action,3112,10349,80.49,102.00,182.49,75.00,243.31%,32.21,2011
She's Out of My League,Paramount,57,60,Love,Comedy,2956,3307,32.01,16.80,48.81,20.00,244.05%,9.80,2010
Paul,Relativity,72,70,Comedy,Comedy,2802,4655,37.41,60.57,97.98,40.00,244.96%,13.04,2011
Real Steel,DreamWorks Pictures,58,81,Underdog,Action,3440,7942,83.61,186.20,269.81,110.00,245.28%,27.32,2011
Valkyrie,MGM,58,66,Sacrifice,Thriller,2711,7756,60.69,117.20,184.00,75.00,245.33%,21.03,2008
Soul Surfer,Sony,46,79,Underdog,Drama,2214,4789,43.85,0.41,44.27,18.00,245.93%,10.60,2011
Quantum of Solace,MGM,64,62,Revenge,Action,3451,19568,166.80,,567.00,230.00,246.52%,67.50,2008
Megamind,Paramount,72,73,Transformation,Animation,3944,9743,144.67,173.46,321.88,130.00,247.60%,46.02,2010
X-Men Origins: Wolverine ,Fox,37,72,Revenge,Action,4099,20751,179.90,193.20,373.10,150.00,249.00%,85.10,2009
The Hills Have Eyes 2,Independent,11,50,Monster Force,Horror,2447,3958,20.80,16.66,37.47,15.00,249.77%,9.70,2007
Milk,Universal,94,88,Quest,Biography,36,40385,31.84,18.32,50.16,20.00,250.80%,1.50,2008
Halloween II,,20,45,Escape,Horror,3025,5405,31.70,5.80,37.70,15.00,251.00%,16.30,2009
The Switch,Independent,52,44,Comedy,Comedy,2012,4193,27.78,19.95,47.73,19.00,251.21%,8.40,2010
Hachiko: A Dog's Story,Independent,58,85,Sacrifice,Drama,,,0.00,40.26,40.26,16.00,251.63%,18.00,2010
You Don't Mess with the Zohan,Sony,36,50,Fish Out Of Water,Comedy,3462,11130,100.02,,201.80,80.00,252.25%,38.53,2008
Nights in Rodanthe,,31,56,Discovery,Drama,2704,4962,41.74,,75.70,30.00,252.33%,13.42,2008
All About Steve ,,6,35,Comedy,Comedy,2251,4994,33.86,4.07,37.93,15.00,253.00%,11.20,2009
Orphan ,,55,65,Escape,Horror,2750,4681,68.30,5.50,75.80,30.00,253.00%,12.80,2009
Life as We Know It,Independent,28,62,Love,Comedy,3150,4605,53.13,43.03,96.16,38.00,253.05%,14.50,2010
The Roommate,Independent,4,29,Monster Force,Horror,2534,5921,37.30,3.19,40.49,16.00,253.08%,15.00,2011
Margin Call,Independent,86,73,Sacrifice,Thriller,,,4.94,3.93,8.87,3.50,253.40%,0.56,2011
The Duchess,Paramount,60,68,Love,Drama,,,13.85,29.46,34.30,13.50,254.07%,3.30,2008
The Adjustment Bureau,Independent,72,67,Sacrifice,Thriller,2840,7450,62.50,65.37,127.87,50.20,254.72%,21.16,2011
The Haunting in Connecticut ,,17,51,Monster Force,Drama,2732,8420,42.70,33.80,76.80,30.00,256.00%,23.00,2009
"10,000 B.C.",Warner Bros.,9,44,Rescue,Adventure,3410,10518,94.78,175.00,269.10,105.00,256.29%,35.90,2008
"Daybreakers	",Lionsgate,67,50,Discovery,Action,2523,6003,30.10,21.31,51.42,20.00,257.10%,15.10,2010
Footloose,Spyglass Entertainment,71,71,Transformation,Drama,2199,4761,51.16,10.90,62.05,24.00,258.55%,15.56,2011
The Rite,Warner Bros,20,43,Monster Force,Horror,2985,4955,33.00,63.00,96.00,37.00,259.46%,14.80,2011
Underworld: Rise of the Lycans ,Sony,30,68,Rivalry,Action,2942,7080,37.00,50.80,91.10,35.00,260.00%,20.80,2009
We Own the Night,Sony,55,63,Sacrifice,Drama,2362,4583,28.56,26.26,54.83,21.00,261.08%,10.80,2007
Legion,Independent,19,36,Monster Force,Action,2476,7069,40.17,27.74,67.91,26.00,261.19%,17.50,2010
Captain America: The First Avenger,Disney,78,75,Metamorphosis,Action,3715,17512,176.65,191.75,368.40,140.00,263.15%,65.06,2011
Letters to Juliet,Summit,40,62,Love,Comedy,2968,4562,53.03,26.15,79.18,30.00,263.93%,13.50,2010
The Boy in the Striped Pyjamas,Independent,63,84,Tragedy,Drama,,,8.70,31.37,33.00,12.50,264.00%,1.03,2008
Made of Honor,Sony,13,61,Love,Comedy,2729,5407,46.01,59.95,106.00,40.00,265.00%,14.76,2008
Norbit,Paramount,9,56,Comedy,Comedy,3136,10904,95.67,63.64,159.31,60.00,265.52%,34.20,2007
Nanny McPhee Returns,Universal,77,54,Comedy,Comedy,2784,3020,29.01,64.23,93.25,35.00,266.43%,8.40,2010
Salt,Sony,62,62,Revenge,Action,3612,9970,118.31,175.19,293.50,110.00,266.82%,36.00,2010
Crank: High Voltage ,,62,54,Pursuit,Action,2223,3133,13.70,20.80,34.50,12.90,267.00%,7.00,2009
All About Steve ,Independent,6,35,Comedy,Comedy,2251,4994,33.86,6.26,40.13,15.00,267.53%,11.20,2010
American Gangster,Universal,79,87,Pursuit,Thriller,3054,14264,130.16,137.74,267.90,100.00,267.90%,43.60,2007
The Chronicles of Narnia: The Voyage of the Dawn Treader,Fox,49,63,Quest,Adventure,3555,6752,104.00,311.00,415.68,155.00,268.18%,24.00,2010
Just Go With It,Happy Madison,19,63,Comedy,Romance,3548,8601,103.03,111.92,214.95,80.00,268.68%,30.51,2011
Jumper,Fox,16,50,Rescue,Action,3428,7980,80.17,142.06,222.20,82.50,269.33%,27.40,2008
Nim's Island,Independent,51,50,Rescue,Adventure,3513,3760,48.01,52.07,99.90,37.00,270.00%,13.20,2008
Hairspray,Warner Bros.,92,84,Underdog,Musical,3121,8803,118.87,83.68,202.55,75.00,270.06%,27.50,2007
TMNT,,33,63,Monster Force,Action,3110,7799,54.15,40.86,95.01,35.00,271.46%,24.30,2007
The Happening,,19,29,Escape,Thriller,2986,10220,64.51,,163.40,60.00,272.33%,30.52,2008
The Crazies,Liberty Starz,72,54,Monster Force,Horror,2476,6489,39.12,15.47,54.59,20.00,272.95%,16.07,2010
Spy Kids: All The Time in the World,Weinstein Company,22,40,Quest,Action,3295,3534,38.54,35.54,74.08,27.00,274.37%,11.64,2011
Night at the Museum: Battle of the Smithsonian ,Fox,43,60,Quest,Action,4096,13226,177.20,235.80,413.00,150.00,275.00%,54.20,2009
Star Trek ,Paramount,94,91,Revenge,Action,3849,19539,257.70,127.80,385.50,140.00,275.00%,75.20,2009
Mr. Magorium's Wonder Emporium,Independent,36,56,Transformation,Fantasy,3164,3043,32.06,36.89,68.95,25.00,275.79%,6.90,2007
Cars 2,Pixar,38,56,Fish Out Of Water,Animation,4115,16072,191.45,360.40,551.85,200.00,275.93%,66.14,2011
Date Night,Fox,66,58,Pursuit,Comedy,3374,7471,98.71,53.55,152.26,55.00,276.84%,25.20,2010
Couples Retreat ,Universal,12,47,Comedy,Comedy,3000,11429,109.20,57.20,166.40,60.00,277.00%,34.30,2009
The Tourist,Sony,20,44,Love,Drama,2756,5977,67.00,210.00,278.34,100.00,278.34%,16.00,2010
The House Bunny,,39,54,Discovery,Comedy,2714,5355,0.00,,70.00,25.00,280.00%,14.53,2008
Gamer ,,29,43,Revenge,Action,2502,3659,20.53,14.53,35.10,12.50,281.00%,9.20,2009
Wild Hogs,Disney,14,72,Transformation,Comedy,3287,12077,168.27,85.35,253.63,90.00,281.81%,39.70,2007
WALL-E,Disney,96,89,Love,Animation,3992,15803,223.78,,507.30,180.00,281.83%,63.09,2008
Meet the Spartans,Independent,2,31,Comedy,Comedy,2605,7104,38.23,46.41,84.60,30.00,282.00%,18.51,2008
Red,Summit,71,72,Rivalry,Action,3255,6686,89.84,74.58,164.42,58.00,283.48%,21.80,2010
"Crazy, Stupid, Love",Warner Bros,78,81,Discovery,Romance,3020,6326,84.34,58.50,142.84,50.00,285.68%,19.10,2011
The Women,Warner Bros.,13,41,Transformation,Drama,2962,3415,26.90,23.11,46.10,16.00,288.13%,10.12,2008
Get Smart,Warner Bros.,51,73,Pursuit,Action,3911,9891,130.32,100.37,230.50,80.00,288.13%,38.70,2008
Sex and the City 2,Warner Bros.,15,49,Love,Comedy,3445,3445,95.35,193.00,288.35,100.00,288.35%,31.00,2010
Drag Me to Hell ,Universal,92,61,Monster Force,Horror,2508,6310,77.20,8.10,86.70,30.00,289.00%,15.80,2009
It's Complicated ,Universal,56,63,Love,Comedy,2887,7655,112.73,105.40,218.10,75.00,291.00%,22.10,2009
Hop,Relativity Media,26,50,Fish Out Of Water,Animation,3579,10490,108.09,75.87,183.95,63.00,291.99%,37.54,2011
Sunshine Cleaning ,,72,59,Transformation,Comedy,,,12.10,2.50,14.60,5.00,292.00%,0.90,2009
A Serious Man ,Universal,89,64,Love,Drama,6,41890,9.20,7.10,20.50,7.00,293.00%,0.30,2009
Julie & Julia ,,74,69,Underdog,Biography,2354,8508,73.00,43.90,118.60,40.00,297.00%,20.00,2009
The Haunting of Molly Hartley,,3,22,Sacrifice,Horror,2352,2045,13.56,1.33,14.89,5.00,297.80%,5.40,2008
First Sunday,Independent,13,59,Comedy,Comedy,2213,8004,37.93,0.87,38.80,13.00,298.46%,17.70,2008
Thor,Disney,77,80,Monster Force,Action,3955,16618,181.03,267.48,448.51,150.00,299.01%,65.72,2011
How to Train Your Dragon,Paramount,98,90,Underdog,Animation,4055,10785,217.58,277.30,494.88,165.00,299.93%,43.70,2010
Battle: Los Angeles,Relativity Media,35,50,Monster Force,Action,3417,10411,83.55,128.27,211.82,70.00,302.60%,35.57,2011
Daddy Day Camp,Sony,1,63,Comedy,Comedy,2332,1459,13.24,4.96,18.20,6.00,303.29%,3.40,2007
Why Did I Get Married Too?,Lionsgate,27,67,Comedy,Comedy,2155,13591,60.09,0.58,60.67,20.00,303.35%,29.30,2010
There Will Be Blood,Paramount,91,84,Wretched Excess,Drama,885,5502,40.22,35.96,76.18,25.00,304.73%,4.90,2007
"I Love You, Man ",,83,72,Comedy,Comedy,2711,6570,71.40,20.00,91.40,30.00,305.00%,17.80,2009
Sweeney Todd: The Demon Barber of Fleet Street,Warner Bros.,86,81,Revenge,Musical,1249,7446,52.90,99.63,152.52,50.00,305.05%,9.30,2007
Water For Elephants,20th Century Fox,60,72,Love,Drama,2817,5979,58.71,58.39,117.09,38.00,308.14%,16.84,2011
Madagascar: Escape 2 Africa,Paramount,64,73,Journey and Return,Animation,4056,1559,176.93,423.89,462.30,150.00,308.20%,63.11,2008
Quarantine,Sony,59,46,Monster Force,Horror,2461,5775,31.69,,37.20,12.00,310.00%,14.20,2008
Bruno ,Universal,68,48,Comedy,Comedy,2756,11110,60.10,70.70,130.80,42.00,311.00%,30.60,2009
Iron Man 2,Paramount,74,80,Rivalry,Action,4380,29252,312.43,309.62,622.10,200.00,311.05%,128.10,2010
Iron Man,Paramount,94,91,Metamorphosis,Action,4105,24024,318.31,266.76,581.90,186.00,312.85%,98.62,2008
The Mist,The Weinstein Company,72,64,Monster Force,Horror,2423,3686,25.59,31.24,56.83,18.00,315.72%,8.90,2007
Kung Fu Panda,Paramount,88,83,Underdog,Animation,4114,14642,215.43,416.31,631.90,200.00,315.95%,60.24,2008
Predators,Fox,64,52,Monster Force,Action,2669,9277,52.00,74.74,126.74,40.00,316.85%,24.80,2010
Nick and Norah's Infinite Playlist,,73,67,Love,Comedy,2421,4672,31.49,,31.70,10.00,317.00%,11.31,2008
The Fourth Kind ,,18,44,Monster Force,Mystery,2527,4840,26.22,5.50,31.72,10.00,317.00%,12.20,2009
Prom Night,Independent,8,46,Escape,Horror,2700,7705,43.87,,57.20,18.00,317.78%,20.81,2008
Street Kings,Fox,37,62,The Riddle,Action,2467,5054,26.42,39.15,63.60,20.00,318.00%,12.50,2008
In Time,Regency Enterprises,38,55,The Riddle,Thriller,3122,3860,36.49,90.90,127.39,40.00,318.48%,12.05,2011
The Bank Job,Independent,78,74,Quest,Thriller,1603,3702,30.06,34.76,63.80,20.00,319.00%,5.94,2008
Pirates of the Caribbean: At World's End,Disney,45,74,Rescue,Action,4362,26302,309.42,651.58,961.00,300.00,320.33%,114.70,2007
Kick-Ass,Independent,76,83,Rivalry,Action,3065,6469,48.07,48.06,96.13,30.00,320.43%,19.80,2010
Alien vs. Predator -- Requiem,Fox,14,37,Monster Force,Horror,2611,3853,41.80,87.09,128.88,40.00,322.21%,10.00,2007
Angels & Demons ,Sony,36,65,The Riddle,Mystery,3527,13100,133.40,352.60,485.90,150.00,324.00%,46.20,2009
A Nightmare on Elm Street,Warner Bros.,13,40,Monster Force,Horror,3332,9875,63.08,52.59,115.66,35.00,330.46%,32.90,2010
No Reservations,,39,64,Love,Comedy,2425,4826,43.11,49.49,92.60,28.00,330.72%,11.70,2007
Piranha 3-D,The Weinstein Company,74,45,Monster Force,Comedy,2470,4092,25.00,54.78,79.78,24.00,332.42%,10.10,2010
Next Day Air ,,21,27,Comedy,Action,1138,3613,10.00,0.00,10.00,3.00,333.00%,4.10,2009
My Sister's Keeper ,,47,73,Escape,Drama,2606,4774,71.40,20.00,91.70,27.50,333.00%,12.40,2009
"Grown Ups	",Independent,10,59,Comedy,Comedy,3534,11462,161.90,105.50,267.40,80.00,334.25%,40.50,2010
The Expendables,Independent,40,58,Pursuit,Action,3270,10650,103.07,171.40,274.47,82.00,334.72%,34.80,2010
Smokin' Aces,Universal,27,64,Pursuit,Action,2218,6599,35.79,21.32,57.10,17.00,335.91%,14.60,2007
127 Hours,Independent,93,84,Escape,Adventure,916,2333,18.33,42.40,60.73,18.00,337.39%,0.26,2010
Hotel for Dogs ,,46,57,Comedy,Comedy,3271,5201,73.00,45.20,118.20,35.00,338.00%,17.00,2009
Mr. Popper's Penguins,20th Century Fox,47,54,Discovery,Comedy,3339,5524,68.22,119.14,187.36,55.00,340.65%,18.45,2011
The Bounty Hunter,Sony,7,41,Rivalry,Action,3074,6729,67.06,69.26,136.32,40.00,340.80%,20.70,2010
"Eat Pray Love	",Sony,36,46,Journey and Return,Drama,3082,7497,80.57,123.91,204.48,60.00,340.80%,23.10,2010
The Secret Life of Bees,Fox,56,78,Maturation,Drama,1591,6617,37.43,2.18,37.80,11.00,343.64%,10.53,2008
Diary of a Wimpy Kid 2: Rodrick Rules,20th Century Fox,47,63,Comedy,Comedy,3167,7500,52.70,19.72,72.42,21.00,344.84%,23.75,2011
Spider-Man 3,Sony,61,54,Metamorphosis,Action,4252,35540,336.53,554.34,890.87,258.00,345.30%,151.10,2007
G-Force ,Disney,22,50,Comedy,Action,3697,8576,119.40,165.60,285.10,82.50,346.00%,31.70,2009
Live Free or Die Hard,Fox,79,86,Rescue,Action,3408,9791,134.53,249.00,383.53,110.00,348.66%,33.40,2007
Remember Me,Summit,28,70,Love,Drama,2212,3657,19.07,36.79,55.85,16.00,349.06%,8.00,2010
Forgetting Sarah Marshall,Independent,85,75,Maturation,Comedy,2798,6791,62.93,42.00,104.80,30.00,349.33%,17.73,2008
Dr. Seuss' Horton Hears a Who!,Fox,79,75,Rescue,Animation,3954,11384,154.53,142.60,297.00,85.00,349.41%,45.00,2008
Johnny English Reborn,Relativity Media,38,55,Comedy,Comedy,1552,2470,8.31,149.63,157.94,45.00,350.98%,3.83,2011
National Treasure: Book of Secrets,Disney,31,72,The Riddle,Thriller,3832,11686,219.96,237.40,457.36,130.00,351.82%,44.80,2007
Hostel: Part II,Lionsgate,44,45,Escape,Horror,2350,3490,17.61,18.01,35.62,10.00,356.20%,8.20,2007
The Spirit,Lionsgate,14,29,Rivalry,Action,2509,2576,17.75,19.23,21.50,6.00,358.33%,6.50,2008
Harold and Kumar Escape from Guantanamo Bay,Warner Bros.,54,65,Escape,Adventure,2510,5939,38.11,5.38,43.30,12.00,360.83%,14.91,2008
Sanctum,Relativity Media,30,39,Quest,Action,2787,3390,23.20,85.40,108.60,30.00,362.00%,9.40,2011
Music and Lyrics,Warner Bros.,63,70,Love,Romance,,,50.57,95.32,145.90,40.00,364.74%,13.60,2007
The Kite Runner,Paramount,66,85,Maturation,Drama,715,2243,15.80,57.39,73.19,20.00,365.97%,1.60,2007
Ocean's 13,Warner Bros.,70,74,Revenge,Thriller,3565,10135,117.15,194.16,311.31,85.00,366.25%,36.10,2007
Knowing ,Independent,33,50,Escape,Drama,3332,7384,146.30,37.00,183.30,50.00,367.00%,24.60,2009
One Day,Independent,37,54,Love,Romance,1719,2955,13.84,41.40,55.24,15.00,368.27%,5.08,2011
Shutter Island,Paramount,68,73,The Riddle,Drama,2991,13729,128.01,166.79,294.80,80.00,368.50%,41.00,2010
Obsessed ,Sony,20,50,Rivalry,Drama,2514,11318,41.00,32.40,73.80,20.00,369.00%,28.60,2009
Into the Wild,Paramount,82,90,Quest,Drama,658,3249,18.35,37.28,55.63,15.00,370.90%,2.10,2007
Tyler Perry's The Family That Preys,Independent,51,36,Discovery,Drama,2070,8397,37.11,0.00,37.11,10.00,371.10%,17.38,2008
Michael Clayton,Independent,90,72,Transformation,Thriller,2511,4131,49.03,43.96,92.99,25.00,371.97%,10.40,2007
Tyler Perry's Why Did I get Married,Independent,46,47,Love,Romance,2011,10618,55.20,0.66,55.86,15.00,372.42%,21.40,2007
Harry Potter and the Half-Blood Prince ,Warner Bros.,83,75,Quest,Adventure,4325,17997,302.00,632.00,934.00,250.00,374.00%,77.80,2009
Vantage Point,,36,61,The Riddle,Drama,3149,7264,72.27,,151.20,40.00,378.00%,22.87,2008
Bride Wars ,Fox,11,56,Comedy,Comedy,3226,6528,100.40,13.40,114.70,30.00,382.00%,21.10,2009
The Final Destination ,Warner Bros.,29,52,Escape,Horror,3121,8782,66.50,86.10,152.60,40.00,382.00%,27.40,2009
2012,Sony,39,63,Escape,Action,3404,19165,165.60,602.40,767.90,200.00,384.00%,65.30,2009
Source Code,Summit Entertainment,92,81,The Riddle,Thriller,2961,5002,54.71,68.57,123.28,32.00,385.24%,14.81,2011
The Bucket List,Warner Bros.,41,81,Discovery,Drama,2911,6661,93.47,80.84,174.31,45.00,387.36%,19.40,2007
I Am Legend,Warner Bros.,69,69,Quest,Thriller,3606,21411,256.39,327.76,584.16,150.00,389.44%,77.20,2007
Winter's Bone,Independent,94,73,Quest,Drama,,,6.25,1.54,7.80,2.00,390.00%,0.80,2010
Pineapple Express,Sony,68,74,Comedy,Action,3072,7567,87.34,14.28,101.50,26.00,390.38%,23.20,2008
The Town,Warner Bros.,94,83,Rivalry,Crime,2856,8322,92.18,52.37,144.55,37.00,390.68%,23.80,2010
Halloween,The Weinstein Company,26,64,Pursuit,Horror,3472,7592,58.27,20.20,78.47,20.00,392.35%,26.40,2007
Clash of the Titans,Warner Bros.,28,48,Quest,Action,3777,16213,163.21,330.00,493.21,125.00,394.57%,61.20,2010
Final Destination 5,New Line Cinema,61,56,Monster Force,Horror,3155,5715,42.59,115.30,157.89,40.00,394.72%,18.03,2011
Zombieland ,Sony,90,87,Monster Force,Action,3036,8147,49.20,42.50,93.30,23.60,395.00%,24.70,2009
Sicko,The Weinstein Company,93,87,Quest,Documentary,702,5128,24.54,11.23,35.77,9.00,397.42%,3.60,2007
Transformers: Revenge of the Fallen ,Paramount,20,76,Revenge,Action,4234,25736,402.10,434.20,836.30,210.00,398.00%,109.00,2009
The Social Network,Sony,96,89,Rags to Riches,Biography,2771,8100,94.08,105.52,199.60,50.00,399.20%,22.40,2010
Vampires Suck,Independent,4,32,Comedy,Comedy,3233,3774,36.66,43.32,79.98,20.00,399.90%,12.20,2010
Enchanted,Disney,93,80,Love,Comedy,3730,9233,127.81,212.68,340.49,85.00,400.57%,34.40,2007
Due Date,Warner Bros.,40,56,Comedy,Comedy,3355,9743,99.65,100.90,200.55,50.00,401.10%,32.69,2010
The Bourne Ultimatum,Universal,93,91,Pursuit,Thriller,3660,18929,227.47,215.35,442.82,110.00,402.57%,69.30,2007
Fast and Furious ,Universal,28,76,Revenge,Action,3461,20500,155.10,188.00,343.00,85.00,404.00%,70.90,2009
Ratatouille,Disney,97,84,Transformation,Animation,3940,11935,206.45,414.98,621.42,150.00,414.28%,47.00,2007
Up ,Disney,98,86,Journey and Return,Animation,3766,18085,293.00,434.00,727.10,175.00,415.00%,68.10,2009
Hancock,Sony,40,67,Discovery,Action,3965,15789,227.95,396.44,624.40,150.00,416.27%,62.60,2008
Valentine's Day,Warner Bros.,17,54,Love,Comedy,3655,15351,110.49,106.00,216.49,52.00,416.33%,56.20,2010
"Pirates of the Caribbean:
On Stranger Tides",Disney,34,61,Quest,Action,4155,21697,241.07,802.80,1043.87,250.00,417.55%,90.15,2011
Burn After Reading,Relativity Media,78,64,Comedy,Comedy,2651,7215,60.36,103.36,154.80,37.00,418.38%,19.13,2008
Premonition,Sony,8,55,The Riddle,Drama,2831,6202,47.85,36.14,84.00,20.00,419.98%,17.60,2007
Michael Jackson's This Is It ,,81,82,Tragedy,Documentary,3481,6675,72.10,180.00,252.01,60.00,420.00%,23.30,2009
Indiana Jones and the Kingdom of the Crystal Skull,Paramount,77,59,Pursuit,Action,4260,23507,317.02,469.53,786.60,185.00,425.19%,100.10,2008
Friends With Benefits,Warner Bros,71,68,Temptation,Romance,2926,6364,55.80,93.74,149.54,35.00,427.26%,18.62,2011
Hannah Montana: The Movie ,Disney,44,66,Maturation,Comedy,3118,10367,79.58,70.52,150.09,35.00,429.00%,32.30,2009
Fame,MGM,25,43,Maturation,Comedy,3096,3234,22.50,55.50,78.00,18.00,433.00%,10.00,2009
The Ides of March,Columbia,85,76,Transformation,Thriller,2199,4761,40.49,13.70,54.19,12.50,433.55%,10.47,2011
Epic Movie,Independent,2,38,Comedy,Comedy,2801,6644,39.74,47.13,86.87,20.00,434.33%,18.60,2007
Unknown,Independent,55,57,The Riddle,Thriller,3043,7183,63.69,67.10,130.79,30.00,435.95%,21.86,2011
Sherlock Holmes ,Warner Bros.,70,81,The Riddle,Action,3626,17183,197.60,197.00,394.60,90.00,438.00%,62.30,2009
Kung Fu Panda 2,DreamWorks Animation,82,80,Rivalry,Animation,3925,12142,165.25,497.78,663.02,150.00,442.02%,47.66,2011
Beginners,Independent,84,80,Love,Comedy,,,5.79,8.39,14.18,3.20,443.19%,0.14,2011
The Last Song,Disney,19,66,Discovery,Drama,2673,5989,62.95,26.09,89.04,20.00,445.20%,16.00,2010
Drive,Independent,93,79,Rivalry,Thriller,2886,3929,34.68,32.33,67.01,15.00,446.71%,11.34,2011
Saw VI ,Independent,40,67,Escape,Horror,3036,4650,31.80,17.00,49.30,11.00,448.00%,14.10,2009
Inglourious Basterds ,Universal,88,87,Underdog,Adventure,3135,12024,120.50,193.00,313.60,70.00,448.00%,38.00,2009
21,,35,73,Quest,Crime,2648,9103,81.16,,157.90,35.00,451.14%,24.10,2008
The Visitor,Independent,92,83,Transformation,Drama,,,9.43,8.65,18.08,4.00,451.95%,0.09,2008
Shrek Forever After,Paramount,57,64,Journey and Return,Animation,4359,16251,238.74,510.06,748.80,165.00,453.82%,70.80,2010
Wanted,Universal,73,72,Transformation,Action,3175,16040,134.33,,342.10,75.00,456.13%,50.93,2008
50/50,Independent,93,93,Discovery,Comedy,2458,3517,34.90,1.62,36.51,8.00,456.39%,8.64,2011
Dear John,Sony,29,66,Love,Drama,2969,10262,80.01,34.96,114.98,25.00,459.92%,30.40,2010
Transformers,Paramount,57,89,Monster Force,Action,4011,17577,319.25,389.03,708.27,150.00,472.18%,70.50,2007
The Eye,Lionsgate,22,51,Sacrifice,Horror,2436,5101,31.42,25.55,56.80,12.00,473.33%,12.40,2008
The Unborn,Relativity Media,11,39,Monster Force,Horror,2357,8405,35.90,40.00,76.50,16.00,478.00%,19.80,2009
Friday the 13th,Paramount,25,52,Monster Force,Horror,3105,13066,65.00,26.40,91.40,19.00,481.00%,40.60,2009
Vicky Cristina Barcelona,The Weinstein Company,82,73,Temptation,Romance,692,5427,22.84,,77.20,16.00,482.50%,3.76,2008
Journey to the Center of the Earth,Warner Bros.,61,55,Quest,Action,2811,7477,101.70,140.29,220.70,45.00,490.44%,21.00,2008
Resident Evil: Afterlife,Highlight Communications,24,53,Monster Force,Action,3203,8320,60.13,236.09,296.22,60.00,493.70%,26.70,2010
Our Idiot Brother,The Weinstein Company,68,79,Comedy,Comedy,2555,2744,24.82,,24.82,5.00,496.32%,,2011
Shrek the Third,Paramount,42,57,Quest,Animation,4122,29507,322.72,476.24,798.96,160.00,499.35%,121.60,2007
Fast Five,Universal,78,83,Escape,Action,3644,23655,209.83,416.30,626.13,125.00,500.90%,,2011
Diary of a Wimpy Kid,Independent,53,49,Underdog,Comedy,3077,7191,64.00,11.70,75.70,15.00,504.67%,22.10,2010
P.S. I Love You,Independent,21,82,Love,Romance,2454,2641,53.70,99.40,153.09,30.00,510.31%,6.50,2007
The Smurfs,Sony Pictures Animation,23,50,Fish Out Of Water,Animation,3395,10489,142.61,419.54,562.16,110.00,511.05%,35.61,2011
Apollo 18,Weinstein Company,23,31,Monster Force,Horror,3328,2615,17.69,7.88,25.56,5.00,511.24%,8.70,2011
Alice in Wonderland,Disney,52,72,Journey and Return,Adventure,3728,31143,334.19,690.20,1024.39,200.00,512.20%,116.10,2010
Inception,Warner Bros.,86,93,Journey and Return,Action,3792,16557,292.58,531.00,823.58,160.00,514.74%,62.80,2010
Alvin and the Chipmunks,Fox,26,73,Comedy,Animation,3475,12750,217.33,143.14,360.47,70.00,514.95%,44.30,2007
The Fighter,Paramount,91,88,Underdog,Drama,2503,4848,93.00,35.00,129.19,25.00,516.76%,12.00,2010
Rise of the Planet of the Apes,20th Century Fox,83,87,Revenge,Action,3648,15024,176.70,304.52,481.23,93.00,517.45%,54.81,2011
Super 8 ,Paramount,82,78,Monster Force,Horror,3379,10492,127.00,132.71,259.71,50.00,519.43%,35.45,2011
Religulous,,70,78,Comedy,Documentary,502,6792,13.01,0.12,13.14,2.50,525.41%,3.41,2008
Step Up 3D,Summit,46,67,Transformation,Drama,2435,6494,42.40,116.75,159.15,30.00,530.50%,15.80,2010
Toy Story 3,Disney,99,91,Rescue,Animation,4028,27385,415.00,648.16,1063.16,200.00,531.58%,110.30,2010
27 Dresses,Fox,40,71,Love,Comedy,3057,7526,76.81,83.50,160.30,30.00,534.33%,23.01,2008
Rio,20th Century Fox,71,73,Quest,Animation,3826,10252,143.62,341.02,484.63,90.00,538.48%,39.23,2011
Gnomeo and Juliet,Disney,56,52,Love,Animation,2994,8469,99.97,94.00,193.97,36.00,538.80%,25.36,2011
The Dark Knight,Warner Bros.,94,96,Revenge,Thriller,4366,36283,530.92,468.58,996.90,185.00,538.86%,158.40,2008
Stomp the Yard,Independent,27,83,Maturation,Musical,2051,10645,61.36,14.15,75.51,14.00,539.37%,21.90,2007
The Ugly Truth ,Independent,14,68,Love,Comedy,2882,9579,88.90,116.40,205.30,38.00,540.00%,27.60,2009
Skyline,Independent,16,19,Monster Force,Action,2880,4060,21.39,33.87,55.26,10.00,552.60%,11.69,2010
Devil,Independent,52,45,Monster Force,Horror,2809,4375,33.60,23.23,56.83,10.00,568.30%,12.30,2010
Hitman,Fox,15,61,Quest,Action,2458,5362,39.69,60.28,99.96,17.50,571.22%,13.20,2007
Transformers: Dark of the Moon,DreamWorks Pictures,35,67,Quest,Action,4088,23937,352.39,770.81,1123.20,195.00,576.00%,97.85,2011
Twilight: Breaking Dawn,Independent,26,68,Love,Romance,4061,34012,260.80,374.00,634.80,110.00,577.09%,138.12,2011
Beverly Hills Chihuahua,Disney,41,56,Journey and Return,Adventure,3215,9114,93.12,54.76,116.00,20.00,580.00%,29.30,2008
Alvin and the Chipmunks: The Squeakquel ,Independent,21,59,Comedy,Animation,3700,13210,219.50,221.30,440.70,75.00,588.00%,48.80,2009
Disturbia,Paramount,67,75,Pursuit,Thriller,2925,7598,80.21,37.55,117.76,20.00,588.80%,22.20,2007
No Strings Attached,Spyglass Entertainment,49,57,Comedy,Comedy,3018,6512,70.60,77.10,147.70,25.00,590.80%,19.70,2011
Shutter,,7,40,Monster Force,Horror,2753,3794,25.93,,47.80,8.00,597.50%,10.50,2008
Horrible Bosses,Warner Bros,69,72,Revenge,Comedy,3040,9310,117.54,92.10,209.64,35.00,598.97%,28.30,2011
Limitless,Virgin,69,73,Wretched Excess,Thriller,2756,6860,79.25,82.60,161.85,27.00,599.44%,18.91,2011
Saw 3-D,Independent,10,47,Escape,Crime,2808,8024,45.71,76.80,122.51,20.00,612.55%,22.53,2010
Harry Potter and the Order of the Phoenix,Warner Bros.,78,82,Quest,Adventure,4285,17998,292.00,647.88,939.88,150.00,626.59%,77.10,2007
No Country for Old Men,Paramount,95,84,Pursuit,Drama,860,9042,74.28,86.72,161.00,25.00,644.00%,7.80,2007
Up in the Air ,Paramount,90,76,Maturation,Drama,1895,5947,83.82,78.20,162.02,25.00,648.00%,11.20,2009
True Grit,Paramount,96,86,Revenge,Drama,3047,8149,171.00,79.00,250.93,38.00,660.34%,24.00,2010
Another Earth,Independent,63,74,Temptation,Fantasy,,,1.32,,1.32,0.20,660.50%,0.08,2011
Knocked Up,Universal,91,83,Love,Comedy,2871,10690,148.77,70.23,219.00,33.00,663.64%,30.70,2007
Twilight,Summit,49,82,Love,Romance,3419,20368,176.82,199.85,246.50,37.00,666.22%,69.64,2008
The Game Plan,Disney,27,75,Discovery,Comedy,3103,7396,90.64,57.23,147.87,22.00,672.13%,22.90,2007
17 Again ,Independent,55,70,Maturation,Comedy,3255,7288,64.20,72.10,136.30,20.00,682.00%,23.70,2009
District 9 ,Independent,91,81,Metamorphosis,Action,3049,12251,115.60,89.20,204.80,30.00,683.00%,37.40,2009
Cloverfield,Paramount,77,67,Monster Force,Action,3411,11744,80.05,90.72,170.80,25.00,683.20%,40.10,2008
300,Warner Bros.,60,90,Sacrifice,Action,3103,22844,210.61,245.45,456.07,65.00,701.64%,70.90,2007
The Simpsons Movie,Fox,90,78,Maturation,Comedy,3922,18877,183.14,343.93,527.07,75.00,702.76%,74.00,2007
Paul Blart: Mall Cop ,Sony,33,50,Comedy,Action,3144,10125,80.00,103.30,183.30,26.00,705.00%,31.80,2009
My Bloody Valentine 3-D ,Lionsgate,57,48,Pursuit,Crime,2534,8383,38.60,60.80,100.00,14.00,714.00%,21.20,2009
He's Just Not That Into You ,Warner Bros.,42,60,Love,Comedy,3175,8751,94.00,84.50,178.40,25.00,714.00%,27.80,2009
Sex and the City,Warner Bros.,49,81,Love,Comedy,3285,17363,152.65,262.61,415.10,57.50,721.91%,57.04,2008
The Hangover Part II,Legendary Pictures,35,58,Comedy,Comedy,3615,23775,254.46,327.00,581.46,80.00,726.83%,85.95,2011
The Kids Are All Right,Independent,94,72,Comedy,Comedy,847,4162,20.81,8.55,29.37,4.00,734.25%,3.50,2010
Harry Potter and the Deathly Hallows Part 1,Warner Bros.,79,87,Quest,Adventure,4125,30307,295.00,660.00,955.41,125.00,764.33%,125.00,2010
Star Wars: The Clone Wars,Independent,19,46,Sacrifice,Animation,3452,4233,35.16,33.12,65.60,8.50,771.76%,14.60,2008
(500) Days of Summer ,Fox,87,81,Love,Comedy,817,4577,48.30,9.30,58.60,7.50,781.00%,3.80,2009
Despicable Me,Universal,81,81,Maturation,Animation,3476,16225,251.38,290.50,541.88,69.00,785.33%,56.40,2010
"Definitely, Maybe",Universal,71,72,Discovery,Comedy,2204,4430,32.01,23.20,55.00,7.00,785.71%,9.76,2008
The Proposal ,Disney,43,74,Love,Comedy,3056,11004,164.00,150.70,314.70,40.00,787.00%,33.60,2009
The Help,DreamWorks Pictures,75,91,Maturation,Drama,2534,10278,169.22,30.10,199.32,25.00,797.30%,26.04,2011
Midnight in Paris,Sony,93,84,Love,Romance,944,61777,56.18,83.00,139.18,17.00,818.69%,5.83,2011
Step Up 2: The Streets,Disney,26,81,Underdog,Drama,2470,7655,58.02,92.80,148.20,17.50,846.86%,18.91,2008
Superbad,Sony,88,87,Comedy,Comedy,2948,11211,121.46,48.41,169.87,20.00,849.36%,33.00,2007
Jackass 3-D,Paramount,63,72,Comedy,Documentary,3081,16343,117.19,52.76,169.95,20.00,849.75%,50.40,2010
The Strangers,Relativity Media,44,48,Escape,Horror,2466,8515,52.60,29.79,77.60,9.00,862.22%,20.99,2008
Mamma Mia!,Universal,53,76,Love,Comedy,2976,9325,143.76,465.71,572.20,66.00,866.97%,27.75,2008
Bridesmaids,Relativity Media,90,77,Rivalry,Comedy,2918,8995,169.11,119.28,288.38,32.50,887.33%,26.25,2011
The Karate Kid,Sony,66,75,Underdog,Action,3663,15197,176.59,182.53,359.13,40.00,897.83%,55.70,2010
Taken ,Independent,58,83,Pursuit,Action,3183,7765,145.00,81.80,226.80,25.00,907.00%,24.70,2009
Buried,Independent,86,63,Escape,Drama,11,9115,1.04,17.33,18.38,2.00,919.00%,0.10,2010
Easy A,Sony,85,75,Maturation,Comedy,2856,6209,58.40,15.24,73.64,8.00,920.50%,17.70,2010
Saw V,Independent,13,63,Monster Force,Crime,3030,9822,56.75,57.12,103.60,10.80,959.26%,30.10,2008
Ice Age: Dawn of the Dinosaurs ,Fox,45,72,Quest,Animation,4099,10171,196.60,687.90,884.50,90.00,983.00%,41.70,2009
The Blind Side ,Independent,65,90,Rags To Riches,Biography,3110,10971,255.80,39.30,295.10,29.00,1018.00%,34.10,2009
"The Twilight Saga: Eclipse	",Summit,50,74,Monster Force,Drama,4468,14510,300.53,393.05,693.58,68.00,1019.97%,64.80,2010
Harry Potter and the Deathly Hallows Part 2,Warner Bros,96,92,Rivalry,Fantasy,4375,38672,381.01,947.10,1328.11,125.00,1062.49%,169.19,2011
Bad Teacher,Independent,44,38,Comedy,Comedy,3049,10365,100.29,115.90,216.20,20.00,1080.98%,31.60,2011
Waitress,Independent,89,67,Love,Romance,605,3327,19.07,3.10,22.18,2.00,1108.97%,2.00,2007
Avatar ,Fox,83,92,Metamorphosis,Action,3452,22313,743.80,1969.00,2712.85,237.00,1145.00%,77.00,2009
Slumdog Millionaire,Independent,94,90,Underdog,Crime,,,101.89,236.59,198.00,15.00,1320.00%,4.30,2008
The Hangover ,Warner Bros.,79,87,Comedy,Comedy,3269,13759,277.30,190.00,467.30,35.00,1335.00%,45.00,2009
Under the Same Moon,,72,80,Quest,Drama,266,10412,12.59,,23.00,1.70,1352.94%,2.80,2008
Saw IV,Independent,18,70,Escape,Horror,3183,9976,63.30,76.05,139.35,10.00,1393.53%,31.70,2007
The Twilight Saga: New Moon ,Summit,27,78,Love,Drama,4024,35497,293.80,410.30,704.20,50.00,1408.00%,142.80,2009
The King's Speech,Independent,95,93,Maturation,Biography,700,6406,,,245.20,15.00,1634.67%,4.40,2010
Semi-Pro,Warner Bros.,21,41,Underdog,Comedy,3121,4830,33.48,10.41,43.90,2.60,1688.46%,15.08,2008
High School Musical 3: Senior Year,Disney,65,76,Love,Comedy,3623,11601,89.70,162.35,240.70,11.00,2188.18%,42.03,2008
Black Swan        ,Fox,88,86,Wretched Excess,Drama,959,8742,106.95,222.44,329.39,13.00,2533.77%,8.38,2010
Juno,Fox,94,89,Maturation,Comedy,1019,10436,143.50,87.69,231.18,7.50,3082.46%,10.60,2007
The Last Exorcism,Independent,73,32,Monster Force,Drama,2874,7087,41.03,25.42,66.46,1.80,3692.22%,20.40,2010
Paranormal Activity 3,Independent,68,58,Monster Force,Horror,3321,15829,103.66,98.24,201.90,5.00,4037.94%,52.57,2011
Paranormal Activity 2,Paramount,59,51,Monster Force,Horror,3216,12649,84.75,92.75,177.51,3.00,5917.00%,40.67,2010
Insidious,Sony,67,65,Monster Force,Horror,2408,5511,54.01,43.00,97.01,1.50,6467.27%,13.27,2011
Fireproof,Independent,40,51,Love,Drama,839,8148,33.45,0.02,33.45,0.50,6690.00%,6.84,2008
Paranormal Activity ,Independent,82,56,Monster Force,Horror,760,25813,107.92,63.41,171.30,0.02,1142000.00%,19.60,2009
,,,,,,,,,,,,,,
,,,,,,,,,,,,,,
